{"original_strategy_budget": 436227.39999999997, "remaining_budget": 0.0, "purchase_prices": [1574001000.0], "total_btc": 0.00013857278362593161, "total_trades": 1, "winning_trades": 0, "max_drawdown": 0.0, "trade_history": [], "total_idr_spent": 218113.69999999998, "realized_pnl": 0.0, "equity_peak": null}