{"original_strategy_budget": 426731.19999999995, "initial_budget": 0.0, "dca_budget": 213365.59999999998, "purchase_prices": [1587286000.0], "total_btc": 0.00013442164802058356, "total_trades": 1, "winning_trades": 0, "max_drawdown": 0.0, "trade_history": [], "total_idr_spent": 213365.59999999998, "realized_pnl": 0.0, "equity_peak": null}