{"original_strategy_budget": 426913.19999999995, "remaining_budget": 0.0, "purchase_prices": [1580448000.0], "total_btc": 0.00013506081819838423, "total_trades": 1, "winning_trades": 0, "max_drawdown": 0.0, "trade_history": [], "total_idr_spent": 213456.59999999998, "realized_pnl": 0.0, "equity_peak": null}